{"cameraMode":{"drawMode":0,"name":"Shaded","section":"Shading Mode"},"sceneLighting":true,"audioPlay":false,"sceneViewState":{"m_AlwaysRefresh":false,"showFog":true,"showSkybox":true,"showFlares":true,"showImageEffects":true,"showParticleSystems":true,"showVisualEffectGraphs":true,"m_FxEnabled":true},"in2DMode":false,"pivot":{"x":25.179500579833986,"y":3.602977991104126,"z":39.641788482666019},"rotation":{"x":0.09563129395246506,"y":-0.8986717462539673,"z":0.2446652203798294,"w":0.35125988721847536},"size":10.686288833618164,"orthographic":false}